size,query,exact_time,approx_time,speedup,error
100000,Simple Count,0.0,0.0,0.0,90.0
100000,Distinct Count,0.0,0.0,0.0,84.18172039608972
100000,Sum Aggregation,0.0,0.01837754249572754,0.0,0.25761339931835925
100000,Average,0.0,0.0029141902923583984,0.0,1.6464244239695212
1000000,Simple Count,0.0010066032409667969,0.0,0.0,90.0
1000000,Distinct Count,0.0071985721588134766,0.0,0.0,0.004000160006400256
1000000,Sum Aggregation,0.0018966197967529297,0.0267179012298584,0.07098685560800622,0.5377938999552186
1000000,Average,0.0021622180938720703,0.026775121688842773,0.08075474386258603,0.4021852963665905
